Marker,Rate
DYS19,0.001964637
DYS385,0.00752201
DYS389I,0.002392753
DYS389II,0.005477107
DYS390,0.002710027
DYS391,0.002476304
DYS392,0.000770746
DYS393,0.00170911
DYS437,0.001195866
DYS438,0.000256366
DYS439,0.004791649
DYS448,0.000838379
DYS456,0.004352368
DYS458,0.008537616
DYS481,0.004723265
DYS533,0.003515152
DYS570,0.00827857
DYS576,0.012674578
DYS635,0.003835425
YGATAH4,0.001914209
DYS643,0.001128032
DYS549,0.00415677
